1	-1	Type	Artboard	-
1	11	Double	Artboard	originX
1	12	Double	Artboard	originY
1	236	Uint	Artboard	defaultStateMachineId
1	583	Uint	Artboard	viewModelId
2	-1	Type	Node	-
2	13	Double	Node	x
2	14	Double	Node	y
3	-1	Type	Shape	-
4	-1	Type	Ellipse	-
5	-1	Type	StraightVertex	-
5	26	Double	StraightVertex	radius
6	-1	Type	CubicDetachedVertex	-
6	84	Double	CubicDetachedVertex	inRotation
6	85	Double	CubicDetachedVertex	inDistance
6	86	Double	CubicDetachedVertex	outRotation
6	87	Double	CubicDetachedVertex	outDistance
7	-1	Type	Rectangle	-
7	31	Double	Rectangle	cornerRadiusTL
7	161	Double	Rectangle	cornerRadiusTR
7	162	Double	Rectangle	cornerRadiusBL
7	163	Double	Rectangle	cornerRadiusBR
7	164	Bool	Rectangle	linkCornerRadius
8	-1	Type	Triangle	-
9	-1	Type	BindableProperty	-
10	-1	Type	Component	-
10	4	String	Component	name
10	5	Uint	Component	parentId
11	-1	Type	ContainerComponent	-
12	-1	Type	Path	-
12	128	Uint	Path	pathFlags
12	770	Bool	Path	isHole
13	-1	Type	Drawable	-
13	23	Uint	Drawable	blendModeValue
13	129	Uint	Drawable	drawableFlags
14	-1	Type	PathVertex	-
15	-1	Type	ParametricPath	-
15	20	Double	ParametricPath	width
15	21	Double	ParametricPath	height
15	123	Double	ParametricPath	originX
15	124	Double	ParametricPath	originY
16	-1	Type	PointsPath	-
17	-1	Type	RadialGradient	-
18	-1	Type	SolidColor	-
18	37	Color	SolidColor	colorValue
19	-1	Type	GradientStop	-
19	38	Color	GradientStop	colorValue
19	39	Double	GradientStop	position
20	-1	Type	Fill	-
20	40	Uint	Fill	fillRule
21	-1	Type	ShapePaint	-
21	41	Bool	ShapePaint	isVisible
21	747	Uint	ShapePaint	blendModeValue
22	-1	Type	LinearGradient	-
22	33	Double	LinearGradient	startY
22	34	Double	LinearGradient	endX
22	35	Double	LinearGradient	endY
22	42	Double	LinearGradient	startX
22	46	Double	LinearGradient	opacity
23	-1	Type	Backboard	-
24	-1	Type	Stroke	-
24	47	Double	Stroke	thickness
24	48	Uint	Stroke	cap
24	49	Uint	Stroke	join
24	50	Bool	Stroke	transformAffectsStroke
25	-1	Type	KeyedObject	-
25	51	Uint	KeyedObject	objectId
26	-1	Type	KeyedProperty	-
26	53	Uint	KeyedProperty	propertyKey
27	-1	Type	Animation	-
27	55	String	Animation	name
28	-1	Type	CubicEaseInterpolator	-
29	-1	Type	KeyFrame	-
29	67	Uint	KeyFrame	frame
30	-1	Type	KeyFrameDouble	-
30	70	Double	KeyFrameDouble	value
31	-1	Type	LinearAnimation	-
31	56	Uint	LinearAnimation	fps
31	57	Uint	LinearAnimation	duration
31	58	Double	LinearAnimation	speed
31	59	Uint	LinearAnimation	loopValue
31	60	Uint	LinearAnimation	workStart
31	61	Uint	LinearAnimation	workEnd
31	62	Bool	LinearAnimation	enableWorkArea
31	376	Bool	LinearAnimation	quantize
34	-1	Type	CubicAsymmetricVertex	-
34	79	Double	CubicAsymmetricVertex	rotation
34	80	Double	CubicAsymmetricVertex	inDistance
34	81	Double	CubicAsymmetricVertex	outDistance
35	-1	Type	CubicMirroredVertex	-
35	82	Double	CubicMirroredVertex	rotation
35	83	Double	CubicMirroredVertex	distance
36	-1	Type	CubicVertex	-
37	-1	Type	KeyFrameColor	-
37	88	Color	KeyFrameColor	value
38	-1	Type	TransformComponent	-
38	15	Double	TransformComponent	rotation
38	16	Double	TransformComponent	scaleX
38	17	Double	TransformComponent	scaleY
39	-1	Type	SkeletalComponent	-
40	-1	Type	Bone	-
40	89	Double	Bone	length
41	-1	Type	RootBone	-
41	90	Double	RootBone	x
41	91	Double	RootBone	y
42	-1	Type	ClippingShape	-
42	92	Uint	ClippingShape	sourceId
42	93	Uint	ClippingShape	fillRule
42	94	Bool	ClippingShape	isVisible
43	-1	Type	Skin	-
43	104	Double	Skin	xx
43	105	Double	Skin	yx
43	106	Double	Skin	xy
43	107	Double	Skin	yy
43	108	Double	Skin	tx
43	109	Double	Skin	ty
44	-1	Type	Tendon	-
44	95	Uint	Tendon	boneId
44	96	Double	Tendon	xx
44	97	Double	Tendon	yx
44	98	Double	Tendon	xy
44	99	Double	Tendon	yy
44	100	Double	Tendon	tx
44	101	Double	Tendon	ty
45	-1	Type	Weight	-
45	102	Uint	Weight	values
45	103	Uint	Weight	indices
46	-1	Type	CubicWeight	-
46	110	Uint	CubicWeight	inValues
46	111	Uint	CubicWeight	inIndices
46	112	Uint	CubicWeight	outValues
46	113	Uint	CubicWeight	outIndices
47	-1	Type	TrimPath	-
47	114	Double	TrimPath	start
47	115	Double	TrimPath	end
47	116	Double	TrimPath	offset
47	117	Uint	TrimPath	modeValue
48	-1	Type	DrawTarget	-
48	119	Uint	DrawTarget	drawableId
48	120	Uint	DrawTarget	placementValue
49	-1	Type	DrawRules	-
49	121	Uint	DrawRules	drawTargetId
50	-1	Type	KeyFrameId	-
50	122	Uint	KeyFrameId	value
51	-1	Type	Polygon	-
51	125	Uint	Polygon	points
51	126	Double	Polygon	cornerRadius
52	-1	Type	Star	-
52	127	Double	Star	innerRadius
53	-1	Type	StateMachine	-
54	-1	Type	StateMachineComponent	-
54	138	String	StateMachineComponent	name
55	-1	Type	StateMachineInput	-
56	-1	Type	StateMachineNumber	-
56	140	Double	StateMachineNumber	value
57	-1	Type	StateMachineLayer	-
58	-1	Type	StateMachineTrigger	-
59	-1	Type	StateMachineBool	-
59	141	Bool	StateMachineBool	value
60	-1	Type	LayerState	-
60	536	Uint	LayerState	flags
61	-1	Type	AnimationState	-
61	149	Uint	AnimationState	animationId
62	-1	Type	AnyState	-
63	-1	Type	EntryState	-
64	-1	Type	ExitState	-
65	-1	Type	StateTransition	-
65	151	Uint	StateTransition	stateToId
65	152	Uint	StateTransition	flags
65	158	Uint	StateTransition	duration
65	160	Uint	StateTransition	exitTime
65	349	Uint	StateTransition	interpolationType
65	350	Uint	StateTransition	interpolatorId
65	537	Uint	StateTransition	randomWeight
66	-1	Type	StateMachineLayerComponent	-
67	-1	Type	TransitionInputCondition	-
67	155	Uint	TransitionInputCondition	inputId
68	-1	Type	TransitionTriggerCondition	-
69	-1	Type	TransitionValueCondition	-
69	156	Uint	TransitionValueCondition	opValue
70	-1	Type	TransitionNumberCondition	-
70	157	Double	TransitionNumberCondition	value
71	-1	Type	TransitionBoolCondition	-
72	-1	Type	BlendState	-
73	-1	Type	BlendStateDirect	-
74	-1	Type	BlendAnimation	-
74	165	Uint	BlendAnimation	animationId
75	-1	Type	BlendAnimation1D	-
75	166	Double	BlendAnimation1D	value
76	-1	Type	BlendState1DInput	-
76	167	Uint	BlendState1DInput	inputId
77	-1	Type	BlendAnimationDirect	-
77	168	Uint	BlendAnimationDirect	inputId
77	297	Double	BlendAnimationDirect	mixValue
77	298	Uint	BlendAnimationDirect	blendSource
78	-1	Type	BlendStateTransition	-
78	171	Uint	BlendStateTransition	exitBlendAnimationId
79	-1	Type	Constraint	-
79	172	Double	Constraint	strength
80	-1	Type	TargetedConstraint	-
80	173	Uint	TargetedConstraint	targetId
81	-1	Type	IKConstraint	-
81	174	Bool	IKConstraint	invertDirection
81	175	Uint	IKConstraint	parentBoneCount
82	-1	Type	DistanceConstraint	-
82	177	Double	DistanceConstraint	distance
82	178	Uint	DistanceConstraint	modeValue
83	-1	Type	TransformConstraint	-
83	372	Double	TransformConstraint	originX
83	373	Double	TransformConstraint	originY
84	-1	Type	KeyFrameBool	-
84	181	Bool	KeyFrameBool	value
85	-1	Type	TransformComponentConstraint	-
85	182	Double	TransformComponentConstraint	copyFactor
85	183	Double	TransformComponentConstraint	minValue
85	184	Double	TransformComponentConstraint	maxValue
85	188	Bool	TransformComponentConstraint	offset
85	189	Bool	TransformComponentConstraint	doesCopy
85	190	Bool	TransformComponentConstraint	min
85	191	Bool	TransformComponentConstraint	max
85	195	Uint	TransformComponentConstraint	minMaxSpaceValue
86	-1	Type	TransformComponentConstraintY	-
86	185	Double	TransformComponentConstraintY	copyFactorY
86	186	Double	TransformComponentConstraintY	minValueY
86	187	Double	TransformComponentConstraintY	maxValueY
86	192	Bool	TransformComponentConstraintY	doesCopyY
86	193	Bool	TransformComponentConstraintY	minY
86	194	Bool	TransformComponentConstraintY	maxY
87	-1	Type	TranslationConstraint	-
88	-1	Type	ScaleConstraint	-
89	-1	Type	RotationConstraint	-
90	-1	Type	TransformSpaceConstraint	-
90	179	Uint	TransformSpaceConstraint	sourceSpaceValue
90	180	Uint	TransformSpaceConstraint	destSpaceValue
91	-1	Type	WorldTransformComponent	-
91	18	Double	WorldTransformComponent	opacity
92	-1	Type	NestedArtboard	-
92	197	Uint	NestedArtboard	artboardId
92	895	Bool	NestedArtboard	isPaused
92	907	Double	NestedArtboard	speed
92	908	Double	NestedArtboard	quantize
92	1014	Bool	NestedArtboard	isStateful
93	-1	Type	NestedAnimation	-
93	198	Uint	NestedAnimation	animationId
95	-1	Type	NestedStateMachine	-
96	-1	Type	NestedSimpleAnimation	-
96	199	Double	NestedSimpleAnimation	speed
96	201	Bool	NestedSimpleAnimation	isPlaying
97	-1	Type	NestedLinearAnimation	-
97	200	Double	NestedLinearAnimation	mix
98	-1	Type	NestedRemapAnimation	-
98	202	Double	NestedRemapAnimation	time
99	-1	Type	Asset	-
99	203	String	Asset	name
100	-1	Type	Image	-
100	206	Uint	Image	assetId
100	380	Double	Image	originX
100	381	Double	Image	originY
100	974	Uint	Image	fit
100	975	Double	Image	alignmentX
100	976	Double	Image	alignmentY
100	1076	Uint	Image	samplerFilter
100	1077	Uint	Image	samplerWrapX
100	1078	Uint	Image	samplerWrapY
103	-1	Type	FileAsset	-
103	204	Uint	FileAsset	assetId
103	362	String	FileAsset	cdnBaseUrl
104	-1	Type	DrawableAsset	-
104	207	Double	DrawableAsset	height
104	208	Double	DrawableAsset	width
105	-1	Type	ImageAsset	-
105	1073	Uint	ImageAsset	samplerFilter
105	1074	Uint	ImageAsset	samplerWrapX
105	1075	Uint	ImageAsset	samplerWrapY
106	-1	Type	FileAssetContents	-
107	-1	Type	Vertex	-
107	24	Double	Vertex	x
107	25	Double	Vertex	y
108	-1	Type	MeshVertex	-
108	215	Double	MeshVertex	u
108	216	Double	MeshVertex	v
109	-1	Type	Mesh	-
110	-1	Type	ScriptedTransition	-
110	273	Uint	ScriptedTransition	activeComponentId
110	414	Uint	ScriptedTransition	listSource
111	-1	Type	ContourMeshVertex	-
113	-1	Type	PaintImage	-
113	269	Uint	PaintImage	imageSamplerFilter
113	270	Uint	PaintImage	imageSamplerWrapX
113	271	Uint	PaintImage	imageSamplerWrapY
113	368	Double	PaintImage	imageScaleY
113	369	Double	PaintImage	imageOffsetX
113	410	Double	PaintImage	imageOffsetY
113	411	Double	PaintImage	imageRotation
113	412	Uint	PaintImage	imageSizeMode
113	415	Uint	PaintImage	imageAssetId
113	416	Double	PaintImage	imageScaleX
114	-1	Type	StateMachineListenerSingle	-
114	225	Uint	StateMachineListenerSingle	listenerTypeValue
114	399	Uint	StateMachineListenerSingle	eventId
115	-1	Type	ListenerTriggerChange	-
116	-1	Type	ListenerInputChange	-
116	227	Uint	ListenerInputChange	inputId
116	400	Uint	ListenerInputChange	nestedInputId
117	-1	Type	ListenerBoolChange	-
117	228	Uint	ListenerBoolChange	value
118	-1	Type	ListenerNumberChange	-
118	229	Double	ListenerNumberChange	value
121	-1	Type	NestedInput	-
121	237	Uint	NestedInput	inputId
122	-1	Type	NestedTrigger	-
123	-1	Type	NestedBool	-
123	238	Bool	NestedBool	nestedValue
124	-1	Type	NestedNumber	-
124	239	Double	NestedNumber	nestedValue
125	-1	Type	ListenerAction	-
125	980	Uint	ListenerAction	flags
126	-1	Type	ListenerAlignTarget	-
126	240	Uint	ListenerAlignTarget	targetId
126	541	Bool	ListenerAlignTarget	preserveOffset
127	-1	Type	CustomPropertyNumber	-
127	243	Double	CustomPropertyNumber	propertyValue
128	-1	Type	Event	-
129	-1	Type	CustomPropertyBoolean	-
129	245	Bool	CustomPropertyBoolean	propertyValue
130	-1	Type	CustomPropertyString	-
130	246	String	CustomPropertyString	propertyValue
131	-1	Type	OpenUrlEvent	-
131	248	String	OpenUrlEvent	url
131	249	Uint	OpenUrlEvent	targetValue
134	-1	Type	Text	-
134	281	Uint	Text	alignValue
134	284	Uint	Text	sizingValue
134	285	Double	Text	width
134	286	Double	Text	height
134	287	Uint	Text	overflowValue
134	315	Bool	Text	fitFontSizeResizesBox
134	366	Double	Text	originX
134	367	Double	Text	originY
134	371	Double	Text	paragraphSpacing
134	377	Uint	Text	originValue
134	683	Uint	Text	wrapValue
134	685	Uint	Text	verticalAlignValue
134	703	Bool	Text	fitFromBaseline
134	932	Uint	Text	textRunListSource
134	1026	Uint	Text	verticalTrimValue
135	-1	Type	TextValueRun	-
135	268	String	TextValueRun	text
135	272	Uint	TextValueRun	styleId
136	-1	Type	BitmapCache	-
136	417	Double	BitmapCache	resolution
136	418	Uint	BitmapCache	cacheFlags
137	-1	Type	TextStylePaint	-
138	-1	Type	CubicValueInterpolator	-
139	-1	Type	CubicInterpolator	-
139	63	Double	CubicInterpolator	x1
139	64	Double	CubicInterpolator	y1
139	65	Double	CubicInterpolator	x2
139	66	Double	CubicInterpolator	y2
141	-1	Type	FontAsset	-
142	-1	Type	KeyFrameString	-
142	280	String	KeyFrameString	value
144	-1	Type	TextStyleAxis	-
144	288	Double	TextStyleAxis	axisValue
144	289	Uint	TextStyleAxis	tag
145	-1	Type	AdvanceableState	-
145	292	Double	AdvanceableState	speed
147	-1	Type	Solo	-
147	296	Uint	Solo	activeComponentId
148	-1	Type	Joystick	-
148	299	Double	Joystick	x
148	300	Double	Joystick	y
148	301	Uint	Joystick	xId
148	302	Uint	Joystick	yId
148	303	Double	Joystick	posX
148	304	Double	Joystick	posY
148	305	Double	Joystick	width
148	306	Double	Joystick	height
148	307	Double	Joystick	originX
148	308	Double	Joystick	originY
148	312	Uint	Joystick	joystickFlags
148	313	Uint	Joystick	handleSourceId
158	-1	Type	TextModifierRange	-
158	316	Uint	TextModifierRange	unitsValue
158	317	Double	TextModifierRange	falloffFrom
158	318	Double	TextModifierRange	falloffTo
158	319	Double	TextModifierRange	offset
158	325	Uint	TextModifierRange	typeValue
158	326	Uint	TextModifierRange	modeValue
158	327	Double	TextModifierRange	modifyFrom
158	333	Bool	TextModifierRange	clamp
158	334	Double	TextModifierRange	strength
158	336	Double	TextModifierRange	modifyTo
158	378	Uint	TextModifierRange	runId
159	-1	Type	TextModifierGroup	-
159	322	Double	TextModifierGroup	x
159	323	Double	TextModifierGroup	y
159	324	Double	TextModifierGroup	opacity
159	328	Double	TextModifierGroup	originX
159	329	Double	TextModifierGroup	originY
159	330	Double	TextModifierGroup	scaleX
159	331	Double	TextModifierGroup	scaleY
159	332	Double	TextModifierGroup	rotation
159	335	Uint	TextModifierGroup	modifierFlags
160	-1	Type	TextModifier	-
161	-1	Type	TextShapeModifier	-
162	-1	Type	TextVariationModifier	-
162	320	Uint	TextVariationModifier	axisTag
162	321	Double	TextVariationModifier	axisValue
163	-1	Type	CubicInterpolatorComponent	-
163	337	Double	CubicInterpolatorComponent	x1
163	338	Double	CubicInterpolatorComponent	y1
163	339	Double	CubicInterpolatorComponent	x2
163	340	Double	CubicInterpolatorComponent	y2
164	-1	Type	TextStyleFeature	-
164	356	Uint	TextStyleFeature	tag
164	357	Uint	TextStyleFeature	featureValue
165	-1	Type	FollowPathConstraint	-
165	363	Double	FollowPathConstraint	distance
165	364	Bool	FollowPathConstraint	orient
165	365	Bool	FollowPathConstraint	offset
167	-1	Type	CustomProperty	-
168	-1	Type	ListenerFireEvent	-
168	389	Uint	ListenerFireEvent	eventId
169	-1	Type	StateMachineFireEvent	-
169	392	Uint	StateMachineFireEvent	eventId
170	-1	Type	InterpolatingKeyFrame	-
170	68	Uint	InterpolatingKeyFrame	interpolationType
170	69	Uint	InterpolatingKeyFrame	interpolatorId
171	-1	Type	KeyFrameCallback	-
174	-1	Type	ElasticInterpolator	-
174	405	Uint	ElasticInterpolator	easingValue
174	406	Double	ElasticInterpolator	amplitude
174	407	Double	ElasticInterpolator	period
175	-1	Type	KeyFrameInterpolator	-
406	-1	Type	AudioAsset	-
407	-1	Type	AudioEvent	-
407	408	Uint	AudioEvent	assetId
409	-1	Type	LayoutComponent	-
409	7	Double	LayoutComponent	width
409	8	Double	LayoutComponent	height
409	196	Bool	LayoutComponent	clip
409	494	Uint	LayoutComponent	styleId
409	706	Double	LayoutComponent	fractionalWidth
409	707	Double	LayoutComponent	fractionalHeight
420	-1	Type	LayoutComponentStyle	-
420	498	Double	LayoutComponentStyle	gapHorizontal
420	499	Double	LayoutComponentStyle	gapVertical
420	504	Double	LayoutComponentStyle	borderLeft
420	505	Double	LayoutComponentStyle	borderRight
420	506	Double	LayoutComponentStyle	borderTop
420	507	Double	LayoutComponentStyle	borderBottom
420	508	Double	LayoutComponentStyle	marginLeft
420	509	Double	LayoutComponentStyle	marginRight
420	510	Double	LayoutComponentStyle	marginTop
420	511	Double	LayoutComponentStyle	marginBottom
420	512	Double	LayoutComponentStyle	paddingLeft
420	513	Double	LayoutComponentStyle	paddingRight
420	514	Double	LayoutComponentStyle	paddingTop
420	515	Double	LayoutComponentStyle	paddingBottom
420	516	Double	LayoutComponentStyle	positionLeft
420	517	Double	LayoutComponentStyle	positionRight
420	518	Double	LayoutComponentStyle	positionTop
420	519	Double	LayoutComponentStyle	positionBottom
420	523	Double	LayoutComponentStyle	flexBasis
420	524	Double	LayoutComponentStyle	aspectRatio
420	589	Uint	LayoutComponentStyle	animationStyleType
420	590	Uint	LayoutComponentStyle	interpolationType
420	591	Uint	LayoutComponentStyle	interpolatorId
420	592	Double	LayoutComponentStyle	interpolationTime
420	597	Uint	LayoutComponentStyle	positionTypeValue
420	598	Uint	LayoutComponentStyle	flexDirectionValue
420	599	Uint	LayoutComponentStyle	directionValue
420	604	Uint	LayoutComponentStyle	flexWrapValue
420	605	Uint	LayoutComponentStyle	overflowValue
420	606	Bool	LayoutComponentStyle	intrinsicallySizedValue
420	609	Uint	LayoutComponentStyle	borderLeftUnitsValue
420	610	Uint	LayoutComponentStyle	borderRightUnitsValue
420	611	Uint	LayoutComponentStyle	borderTopUnitsValue
420	612	Uint	LayoutComponentStyle	borderBottomUnitsValue
420	613	Uint	LayoutComponentStyle	marginLeftUnitsValue
420	614	Uint	LayoutComponentStyle	marginRightUnitsValue
420	615	Uint	LayoutComponentStyle	marginTopUnitsValue
420	616	Uint	LayoutComponentStyle	marginBottomUnitsValue
420	617	Uint	LayoutComponentStyle	paddingLeftUnitsValue
420	618	Uint	LayoutComponentStyle	paddingRightUnitsValue
420	619	Uint	LayoutComponentStyle	paddingTopUnitsValue
420	620	Uint	LayoutComponentStyle	paddingBottomUnitsValue
420	621	Uint	LayoutComponentStyle	positionLeftUnitsValue
420	622	Uint	LayoutComponentStyle	positionRightUnitsValue
420	623	Uint	LayoutComponentStyle	positionTopUnitsValue
420	624	Uint	LayoutComponentStyle	positionBottomUnitsValue
420	625	Uint	LayoutComponentStyle	gapHorizontalUnitsValue
420	626	Uint	LayoutComponentStyle	gapVerticalUnitsValue
420	632	Uint	LayoutComponentStyle	layoutAlignmentType
420	639	Bool	LayoutComponentStyle	linkCornerRadius
420	640	Double	LayoutComponentStyle	cornerRadiusTL
420	641	Double	LayoutComponentStyle	cornerRadiusTR
420	642	Double	LayoutComponentStyle	cornerRadiusBL
420	643	Double	LayoutComponentStyle	cornerRadiusBR
420	705	Uint	LayoutComponentStyle	flexBasisUnitsValue
420	1045	Uint	LayoutComponentStyle	justifyItemsValue
420	1059	Uint	LayoutComponentStyle	layoutTypeValue
422	-1	Type	ExportAudio	-
422	530	Double	ExportAudio	volume
426	-1	Type	ViewModelInstanceColor	-
426	555	Color	ViewModelInstanceColor	propertyValue
427	-1	Type	ViewModelInstanceListItem	-
427	549	Uint	ViewModelInstanceListItem	viewModelId
427	550	Uint	ViewModelInstanceListItem	viewModelInstanceId
428	-1	Type	ViewModelInstanceValue	-
428	554	Uint	ViewModelInstanceValue	viewModelPropertyId
429	-1	Type	ViewModelComponent	-
429	557	String	ViewModelComponent	name
430	-1	Type	ViewModelProperty	-
430	875	Uint	ViewModelProperty	symbolTypeValue
430	957	Uint	ViewModelProperty	componentProps
431	-1	Type	ViewModelPropertyNumber	-
432	-1	Type	ViewModelInstanceEnum	-
432	560	Uint	ViewModelInstanceEnum	propertyValue
433	-1	Type	ViewModelInstanceString	-
433	561	String	ViewModelInstanceString	propertyValue
434	-1	Type	ViewModelPropertyList	-
435	-1	Type	ViewModel	-
435	981	Uint	ViewModel	viewModelType
436	-1	Type	ViewModelPropertyViewModel	-
436	565	Uint	ViewModelPropertyViewModel	viewModelReferenceId
437	-1	Type	ViewModelInstance	-
437	566	Uint	ViewModelInstance	viewModelId
438	-1	Type	DataEnumCustom	-
438	572	String	DataEnumCustom	name
439	-1	Type	ViewModelPropertyEnumCustom	-
439	574	Uint	ViewModelPropertyEnumCustom	enumId
440	-1	Type	ViewModelPropertyColor	-
441	-1	Type	ViewModelInstanceList	-
441	966	Uint	ViewModelInstanceList	listSource
442	-1	Type	ViewModelInstanceNumber	-
442	575	Double	ViewModelInstanceNumber	propertyValue
443	-1	Type	ViewModelPropertyString	-
444	-1	Type	ViewModelInstanceViewModel	-
444	577	Uint	ViewModelInstanceViewModel	propertyValue
445	-1	Type	DataEnumValue	-
445	578	String	DataEnumValue	key
445	579	String	DataEnumValue	value
446	-1	Type	DataBind	-
446	586	Uint	DataBind	propertyKey
446	587	Uint	DataBind	flags
446	660	Uint	DataBind	converterId
447	-1	Type	DataBindContext	-
448	-1	Type	ViewModelPropertyBoolean	-
449	-1	Type	ViewModelInstanceBoolean	-
449	593	Bool	ViewModelInstanceBoolean	propertyValue
450	-1	Type	KeyFrameUint	-
450	631	Uint	KeyFrameUint	value
451	-1	Type	NestedArtboardLeaf	-
451	538	Uint	NestedArtboardLeaf	fit
451	644	Double	NestedArtboardLeaf	alignmentX
451	645	Double	NestedArtboardLeaf	alignmentY
451	1098	Bool	NestedArtboardLeaf	fitToLayoutParent
452	-1	Type	NestedArtboardLayout	-
452	663	Double	NestedArtboardLayout	instanceWidth
452	664	Double	NestedArtboardLayout	instanceHeight
452	665	Uint	NestedArtboardLayout	instanceWidthUnitsValue
452	666	Uint	NestedArtboardLayout	instanceHeightUnitsValue
452	667	Uint	NestedArtboardLayout	instanceWidthScaleType
452	668	Uint	NestedArtboardLayout	instanceHeightScaleType
471	-1	Type	BindablePropertyString	-
471	635	String	BindablePropertyString	propertyValue
472	-1	Type	BindablePropertyBoolean	-
472	634	Bool	BindablePropertyBoolean	propertyValue
473	-1	Type	BindablePropertyNumber	-
473	636	Double	BindablePropertyNumber	propertyValue
474	-1	Type	BindablePropertyEnum	-
474	637	Uint	BindablePropertyEnum	propertyValue
475	-1	Type	BindablePropertyColor	-
475	638	Color	BindablePropertyColor	propertyValue
476	-1	Type	TransitionCondition	-
477	-1	Type	TransitionComparator	-
478	-1	Type	TransitionPropertyComparator	-
479	-1	Type	TransitionPropertyViewModelComparator	-
480	-1	Type	TransitionValueComparator	-
481	-1	Type	TransitionValueBooleanComparator	-
481	647	Bool	TransitionValueBooleanComparator	value
482	-1	Type	TransitionViewModelCondition	-
482	650	Uint	TransitionViewModelCondition	opValue
483	-1	Type	TransitionValueColorComparator	-
483	651	Color	TransitionValueColorComparator	value
484	-1	Type	TransitionValueNumberComparator	-
484	652	Double	TransitionValueNumberComparator	value
485	-1	Type	TransitionValueEnumComparator	-
486	-1	Type	TransitionValueStringComparator	-
486	654	String	TransitionValueStringComparator	value
487	-1	Type	ListenerViewModelChange	-
488	-1	Type	DataConverter	-
488	662	String	DataConverter	name
489	-1	Type	DataConverterRounder	-
489	669	Uint	DataConverterRounder	decimals
490	-1	Type	DataConverterToString	-
490	764	Uint	DataConverterToString	flags
490	765	Uint	DataConverterToString	decimals
490	766	String	DataConverterToString	colorFormat
491	-1	Type	NSlicerTileMode	-
491	672	Uint	NSlicerTileMode	patchIndex
491	673	Uint	NSlicerTileMode	style
492	-1	Type	Axis	-
492	675	Double	Axis	offset
492	676	Bool	Axis	normalized
493	-1	Type	NSlicer	-
494	-1	Type	AxisY	-
495	-1	Type	AxisX	-
496	-1	Type	TransitionPropertyArtboardComparator	-
496	677	Uint	TransitionPropertyArtboardComparator	propertyType
497	-1	Type	TransitionArtboardCondition	-
498	-1	Type	DataConverterGroupItem	-
498	679	Uint	DataConverterGroupItem	converterId
499	-1	Type	DataConverterGroup	-
500	-1	Type	DataConverterOperationValue	-
500	681	Double	DataConverterOperationValue	operationValue
501	-1	Type	ViewModelInstanceTrigger	-
501	687	Uint	ViewModelInstanceTrigger	propertyValue
502	-1	Type	ViewModelPropertyTrigger	-
503	-1	Type	BindablePropertyTrigger	-
504	-1	Type	DataConverterTrigger	-
505	-1	Type	TransitionValueTriggerComparator	-
505	689	Uint	TransitionValueTriggerComparator	value
506	-1	Type	DashPath	-
506	690	Double	DashPath	offset
506	691	Bool	DashPath	offsetIsPercentage
507	-1	Type	Dash	-
507	692	Double	Dash	length
507	693	Bool	Dash	lengthIsPercentage
508	-1	Type	NSlicedNode	-
508	697	Double	NSlicedNode	initialWidth
508	698	Double	NSlicedNode	initialHeight
508	699	Double	NSlicedNode	width
508	700	Double	NSlicedNode	height
509	-1	Type	ViewModelPropertyEnum	-
510	-1	Type	DataEnum	-
511	-1	Type	ViewModelPropertyEnumSystem	-
511	708	Uint	ViewModelPropertyEnumSystem	enumType
512	-1	Type	DataEnumSystem	-
512	709	Uint	DataEnumSystem	enumType
513	-1	Type	ForegroundLayoutDrawable	-
514	-1	Type	DataConverterSystemDegsToRads	-
515	-1	Type	DataConverterSystemNormalizer	-
516	-1	Type	DataConverterOperation	-
516	682	Uint	DataConverterOperation	operationType
517	-1	Type	DataConverterOperationViewModel	-
519	-1	Type	DataConverterRangeMapper	-
519	713	Uint	DataConverterRangeMapper	interpolationType
519	714	Uint	DataConverterRangeMapper	interpolatorId
519	715	Uint	DataConverterRangeMapper	flags
519	716	Double	DataConverterRangeMapper	minInput
519	717	Double	DataConverterRangeMapper	maxInput
519	718	Double	DataConverterRangeMapper	minOutput
519	719	Double	DataConverterRangeMapper	maxOutput
520	-1	Type	DraggableConstraint	-
520	722	Uint	DraggableConstraint	directionValue
521	-1	Type	ScrollConstraint	-
521	221	Uint	ScrollConstraint	virtualizeBuffer
521	724	Bool	ScrollConstraint	snap
521	726	Uint	ScrollConstraint	physicsId
521	727	Uint	ScrollConstraint	physicsTypeValue
521	759	Double	ScrollConstraint	scrollOffsetX
521	760	Double	ScrollConstraint	scrollOffsetY
521	850	Bool	ScrollConstraint	virtualize
521	851	Bool	ScrollConstraint	infinite
521	891	Bool	ScrollConstraint	interactive
521	894	Double	ScrollConstraint	threshold
521	1029	Double	ScrollConstraint	dragMultiplier
522	-1	Type	ScrollBarConstraint	-
522	725	Uint	ScrollBarConstraint	scrollConstraintId
522	734	Bool	ScrollBarConstraint	autoSize
523	-1	Type	ScrollPhysics	-
523	731	Uint	ScrollPhysics	constraintId
524	-1	Type	ClampedScrollPhysics	-
525	-1	Type	ElasticScrollPhysics	-
525	728	Double	ElasticScrollPhysics	friction
525	729	Double	ElasticScrollPhysics	speedMultiplier
525	730	Double	ElasticScrollPhysics	elasticFactor
527	-1	Type	BlendState1D	-
528	-1	Type	BlendState1DViewModel	-
529	-1	Type	ScriptAsset	-
529	893	Uint	ScriptAsset	generatorFunctionRef
529	914	Bool	ScriptAsset	isModule
529	1022	Uint	ScriptAsset	serializedImplementedMethods
530	-1	Type	DataConverterStringPad	-
530	743	Uint	DataConverterStringPad	length
530	744	String	DataConverterStringPad	text
530	745	Uint	DataConverterStringPad	padType
531	-1	Type	DataConverterStringRemoveZeros	-
532	-1	Type	DataConverterStringTrim	-
532	746	Uint	DataConverterStringTrim	trimType
533	-1	Type	Feather	-
533	748	Uint	Feather	spaceValue
533	749	Double	Feather	strength
533	750	Double	Feather	offsetX
533	751	Double	Feather	offsetY
533	752	Bool	Feather	inner
534	-1	Type	DataConverterInterpolator	-
534	756	Double	DataConverterInterpolator	duration
534	757	Uint	DataConverterInterpolator	interpolationType
534	758	Uint	DataConverterInterpolator	interpolatorId
535	-1	Type	DataConverterBooleanNegate	-
536	-1	Type	DataConverterFormula	-
536	887	Uint	DataConverterFormula	randomModeValue
537	-1	Type	FormulaToken	-
538	-1	Type	FormulaTokenArgumentSeparator	-
539	-1	Type	FormulaTokenParenthesis	-
540	-1	Type	FormulaTokenParenthesisClose	-
541	-1	Type	FormulaTokenOperation	-
541	775	Uint	FormulaTokenOperation	operationType
542	-1	Type	FormulaTokenFunction	-
542	776	Uint	FormulaTokenFunction	functionType
543	-1	Type	FormulaTokenValue	-
543	777	Double	FormulaTokenValue	operationValue
544	-1	Type	FormulaTokenParenthesisOpen	-
545	-1	Type	FormulaTokenInput	-
546	-1	Type	TextTargetModifier	-
546	778	Uint	TextTargetModifier	targetId
547	-1	Type	TextFollowPathModifier	-
547	779	Bool	TextFollowPathModifier	radial
547	782	Bool	TextFollowPathModifier	orient
547	783	Double	TextFollowPathModifier	start
547	784	Double	TextFollowPathModifier	end
547	785	Double	TextFollowPathModifier	strength
547	786	Double	TextFollowPathModifier	offset
548	-1	Type	CustomPropertyGroup	-
559	-1	Type	ArtboardComponentList	-
559	800	Uint	ArtboardComponentList	listSource
563	-1	Type	ViewModelPropertySymbol	-
564	-1	Type	ViewModelPropertySymbolListIndex	-
565	-1	Type	ViewModelInstanceSymbol	-
566	-1	Type	ViewModelInstanceSymbolListIndex	-
566	814	Uint	ViewModelInstanceSymbolListIndex	propertyValue
567	-1	Type	BindablePropertyInteger	-
567	686	Uint	BindablePropertyInteger	propertyValue
568	-1	Type	DataConverterNumberToList	-
568	816	Uint	DataConverterNumberToList	viewModelId
569	-1	Type	TextInput	-
569	222	Uint	TextInput	alignValue
569	817	String	TextInput	text
569	818	Double	TextInput	selectionRadius
569	979	Bool	TextInput	multiline
569	1094	Uint	TextInput	verticalAlignValue
569	1095	Bool	TextInput	obscured
569	1099	Bool	TextInput	selectAllOnFocus
570	-1	Type	TextInputDrawable	-
571	-1	Type	TextInputCursor	-
572	-1	Type	TextInputText	-
573	-1	Type	TextStyle	-
573	274	Double	TextStyle	fontSize
573	279	Uint	TextStyle	fontAssetId
573	370	Double	TextStyle	lineHeight
573	390	Double	TextStyle	letterSpacing
574	-1	Type	TextInputSelection	-
575	-1	Type	TextInputSelectedText	-
584	-1	Type	ViewModelPropertyAsset	-
585	-1	Type	ViewModelPropertyAssetImage	-
586	-1	Type	ViewModelInstanceAsset	-
586	824	Uint	ViewModelInstanceAsset	propertyValue
587	-1	Type	ViewModelInstanceAssetImage	-
588	-1	Type	BindablePropertyAsset	-
590	-1	Type	BindablePropertyList	-
590	835	Uint	BindablePropertyList	propertyValue
591	-1	Type	DataConverterListToLength	-
592	-1	Type	CustomPropertyColor	-
592	836	Color	CustomPropertyColor	propertyValue
593	-1	Type	TransitionSelfComparator	-
596	-1	Type	BindablePropertyId	-
596	823	Uint	BindablePropertyId	propertyValue
597	-1	Type	BindablePropertyArtboard	-
598	-1	Type	ViewModelPropertyArtboard	-
599	-1	Type	ViewModelInstanceArtboard	-
599	846	Uint	ViewModelInstanceArtboard	propertyValue
601	-1	Type	TransitionValueIdComparator	-
601	653	Uint	TransitionValueIdComparator	value
602	-1	Type	TransitionValueAssetComparator	-
603	-1	Type	ScriptedDrawable	-
603	848	Uint	ScriptedDrawable	scriptAssetId
606	-1	Type	ArtboardComponentListOverride	-
606	856	Uint	ArtboardComponentListOverride	instanceWidthUnitsValue
606	858	Uint	ArtboardComponentListOverride	artboardId
606	859	Double	ArtboardComponentListOverride	instanceWidth
606	860	Double	ArtboardComponentListOverride	instanceHeight
606	861	Uint	ArtboardComponentListOverride	instanceHeightUnitsValue
606	862	Uint	ArtboardComponentListOverride	instanceWidthScaleType
606	863	Uint	ArtboardComponentListOverride	instanceHeightScaleType
611	-1	Type	ScriptInputNumber	-
612	-1	Type	ScriptInputViewModelProperty	-
613	-1	Type	CustomPropertyTrigger	-
613	870	Uint	CustomPropertyTrigger	propertyValue
614	-1	Type	StateMachineFireTrigger	-
615	-1	Type	StateMachineFireAction	-
615	393	Uint	StateMachineFireAction	occursValue
616	-1	Type	CustomPropertyEnum	-
616	872	Uint	CustomPropertyEnum	propertyValue
616	873	Uint	CustomPropertyEnum	enumId
617	-1	Type	DataConverterToNumber	-
618	-1	Type	ScriptInputTrigger	-
619	-1	Type	ListPath	-
619	874	Uint	ListPath	listSource
620	-1	Type	PointsCommonPath	-
620	32	Bool	PointsCommonPath	isClosed
621	-1	Type	ScriptInputArtboard	-
621	876	Uint	ScriptInputArtboard	artboardId
625	-1	Type	ListFollowPathConstraint	-
625	888	Double	ListFollowPathConstraint	distanceEnd
625	889	Double	ListFollowPathConstraint	distanceOffset
626	-1	Type	ScriptInputColor	-
627	-1	Type	ScriptInputString	-
629	-1	Type	ScriptedDataConverter	-
629	892	Uint	ScriptedDataConverter	scriptAssetId
630	-1	Type	TransitionValueArtboardComparator	-
631	-1	Type	ScriptInputBoolean	-
637	-1	Type	ScriptedLayout	-
640	-1	Type	ScriptedPathEffect	-
640	912	Uint	ScriptedPathEffect	scriptAssetId
642	-1	Type	ManifestAsset	-
643	-1	Type	DataBindPath	-
643	921	Bool	DataBindPath	isRelative
644	-1	Type	TargetEffect	-
644	922	Uint	TargetEffect	targetId
645	-1	Type	GroupEffect	-
646	-1	Type	ScriptedListenerAction	-
646	930	Uint	ScriptedListenerAction	scriptAssetId
647	-1	Type	ScriptedTransitionCondition	-
647	931	Uint	ScriptedTransitionCondition	scriptAssetId
648	-1	Type	ArtboardListMapRule	-
648	934	Uint	ArtboardListMapRule	artboardId
648	935	Uint	ArtboardListMapRule	viewModelId
649	-1	Type	BlobAsset	-
652	-1	Type	FocusActionTarget	-
652	952	Uint	FocusActionTarget	targetId
653	-1	Type	FocusData	-
653	956	Uint	FocusData	edgeBehaviorValue
653	1033	Uint	FocusData	focusFlags
654	-1	Type	StateMachineListener	-
654	224	Uint	StateMachineListener	targetId
658	-1	Type	ListenerInputType	-
658	965	Uint	ListenerInputType	listenerTypeValue
659	-1	Type	ListenerInputTypeEvent	-
659	962	Uint	ListenerInputTypeEvent	eventId
660	-1	Type	ListenerInputTypeViewModel	-
662	-1	Type	BindablePropertyViewModel	-
663	-1	Type	UserInput	-
664	-1	Type	KeyboardInput	-
664	971	Uint	KeyboardInput	keyType
664	972	Uint	KeyboardInput	keyPhase
664	973	Uint	KeyboardInput	modifiers
665	-1	Type	ListenerInputTypeKeyboard	-
666	-1	Type	ListenerInputTypeText	-
667	-1	Type	TransitionPropertyComponentComparator	-
667	977	Uint	TransitionPropertyComponentComparator	objectId
667	978	Uint	TransitionPropertyComponentComparator	propertyKey
668	-1	Type	SemanticData	-
668	982	Uint	SemanticData	role
668	983	String	SemanticData	label
668	984	String	SemanticData	value
668	985	String	SemanticData	hint
668	986	Uint	SemanticData	headingLevel
668	987	Uint	SemanticData	traitFlags
668	988	Uint	SemanticData	stateFlags
669	-1	Type	ListenerInputTypeSemantic	-
670	-1	Type	SemanticInput	-
670	1010	Uint	SemanticInput	actionType
671	-1	Type	FocusAction	-
672	-1	Type	FocusActionTraversal	-
672	1011	Uint	FocusActionTraversal	traversalKind
970	-1	Type	ShaderAsset	-
971	-1	Type	TextAsset	-
971	926	String	TextAsset	folderPath
972	-1	Type	ScriptedInterpolator	-
972	1015	Uint	ScriptedInterpolator	scriptAssetId
973	-1	Type	ListenerInputTypeGamepad	-
974	-1	Type	GamepadInput	-
974	1018	Uint	GamepadInput	mapping
974	1019	Uint	GamepadInput	inputIndex
974	1020	Uint	GamepadInput	buttonPhase
974	1021	Uint	GamepadInput	kind
1034	-1	Type	ViewModelPropertyAssetFont	-
1035	-1	Type	ViewModelInstanceAssetFont	-
1037	-1	Type	FocusActionClear	-
1038	-1	Type	TransitionFocusCondition	-
1039	-1	Type	ComponentOrigin	-
1039	1040	Double	ComponentOrigin	originX
1039	1041	Double	ComponentOrigin	originY
1043	-1	Type	ViewModelPropertyAssetBlob	-
1044	-1	Type	ViewModelInstanceAssetBlob	-
1056	-1	Type	LayoutSizingStyle	-
1056	500	Double	LayoutSizingStyle	maxWidth
1056	501	Double	LayoutSizingStyle	maxHeight
1056	502	Double	LayoutSizingStyle	minWidth
1056	503	Double	LayoutSizingStyle	minHeight
1056	596	Uint	LayoutSizingStyle	displayValue
1056	607	Uint	LayoutSizingStyle	widthUnitsValue
1056	608	Uint	LayoutSizingStyle	heightUnitsValue
1056	627	Uint	LayoutSizingStyle	minWidthUnitsValue
1056	628	Uint	LayoutSizingStyle	minHeightUnitsValue
1056	629	Uint	LayoutSizingStyle	maxWidthUnitsValue
1056	630	Uint	LayoutSizingStyle	maxHeightUnitsValue
1056	655	Uint	LayoutSizingStyle	layoutWidthScaleType
1056	656	Uint	LayoutSizingStyle	layoutHeightScaleType
1056	1046	Uint	LayoutSizingStyle	justifySelfValue
1057	-1	Type	LayoutNodeStyle	-
1057	1057	Double	LayoutNodeStyle	fractionalWidth
1057	1058	Double	LayoutNodeStyle	fractionalHeight
1057	1066	Double	LayoutNodeStyle	width
1057	1067	Double	LayoutNodeStyle	height
1058	-1	Type	GridTrack	-
1058	1061	Uint	GridTrack	collection
1058	1062	Uint	GridTrack	trackType
1058	1063	Double	GridTrack	trackValue
1058	1064	Uint	GridTrack	trackMaxType
1058	1065	Double	GridTrack	trackMaxValue
1066	-1	Type	LayoutParticipant	-
1067	-1	Type	KeyFrameInt	-
1067	1068	Int	KeyFrameInt	value
1068	-1	Type	GridItemPlacement	-
1068	1047	Int	GridItemPlacement	gridColumn
1068	1048	Int	GridItemPlacement	gridRow
1068	1049	Uint	GridItemPlacement	gridColumnSpan
1068	1050	Uint	GridItemPlacement	gridRowSpan
1069	-1	Type	TextStyleBackground	-
1069	1071	Double	TextStyleBackground	cornerRadius
1071	-1	Type	ScriptModuleAsset	-
1071	1087	Uint	ScriptModuleAsset	language
